epoch,abdomen,forelegL,forelegR,head,hindlegL,hindlegR,loss,lr,midlegL,midlegR,neck,ohkm,thorax,val_abdomen,val_forelegL,val_forelegR,val_head,val_hindlegL,val_hindlegR,val_loss,val_midlegL,val_midlegR,val_neck,val_ohkm,val_thorax,val_wingL,val_wingR,wingL,wingR
0,0.00011894775,0.0002466316,0.00025381887,9.476282e-05,0.00034272822,0.0003497119,0.0015554523794308313,1e-04,0.0002669874,0.00025680056,8.235418e-05,0.0013472611,8.329868e-05,5.6704463e-05,0.00014701486,0.00015899102,4.30167e-05,0.00022476626,0.0002363732,0.0009489580180665519,0.00016691333,0.00015571986,3.675716e-05,0.00082314713,3.757396e-05,0.00011733839,0.00012858433,0.00019919823,0.0002030939
1,5.2069092e-05,0.0001405911,0.00014744958,4.2443397e-05,0.00020843172,0.00021066495,0.0008735176685020981,1e-04,0.00015783792,0.00014644566,3.6196783e-05,0.00075666426,3.526434e-05,4.567271e-05,0.00012671568,0.00013517945,3.5650522e-05,0.00019165917,0.00019591539,0.0007922498287571997,0.0001455196,0.00013209136,3.172774e-05,0.00068598334,3.161974e-05,9.882311e-05,0.00010463733,0.00011033752,0.00011451883
2,4.6037094e-05,0.00012567037,0.00013212439,3.7796628e-05,0.00018299559,0.00018574134,0.000771494241986981,1e-04,0.00014134224,0.00013120414,3.206152e-05,0.00066738453,3.130173e-05,4.2906828e-05,0.000117185424,0.00012665133,3.4400655e-05,0.00017691075,0.00018318927,0.0007419576156591132,0.0001365829,0.0001295786,3.0195739e-05,0.0006415139,3.0460802e-05,9.659117e-05,0.00010067456,9.931985e-05,0.0001037686
3,4.2783675e-05,0.00011766091,0.00012343725,3.5340992e-05,0.00017006355,0.00017403672,0.0007192158472937934,1e-04,0.00013237978,0.00012364534,2.999504e-05,0.0006217198,2.947322e-05,3.9790106e-05,0.000112028254,0.00012037811,3.1825126e-05,0.00016459305,0.00017391308,0.000691618373145395,0.00012834652,0.00011759672,2.7532315e-05,0.0005978039,2.7773021e-05,8.770121e-05,9.43053e-05,9.3264076e-05,9.790077e-05
