epoch,loss,lr,val_loss
0,0.00012359557432379653,1e-04,8.04208778620273e-05
1,6.763839563656209e-05,1e-04,5.6394205627168615e-05
2,5.325531485229287e-05,1e-04,4.889855131433719e-05
3,4.684071008932042e-05,1e-04,4.378243625942192e-05
4,4.3136654691428174e-05,1e-04,4.011867035429036e-05
5,4.0512323809619466e-05,1e-04,3.974095370906089e-05
6,3.884706983031809e-05,1e-04,3.783836340094561e-05
